filename,sentence,reason,T1,T2,T3,T4,ambiguity_num
7_admin.xmi,"The customer makes an order on Wolt’s website or mobile application, specifying restaurant, the food and if they want to pick up the order or if they want it delivered.","This sentence clearly describes the initial action by the customer, including all necessary details about the order.",T1_false,T2_false,T3_false,T4_false,0
7_admin.xmi,"When Wolt receives the order, it is then registered.The order is then distributed to the restaurant where it can be either accepted or rejected due to being busy or lack of required ingredients to execute the order.",lack of detail about specific criteria for rejection or acceptance,T1_false,T2_false,T3_true,T4_false,1
7_admin.xmi,"If the order is accepted, the restaurant begins preparing the food.",A straightforward conditional statement,T1_false,T2_false,T3_false,T4_false,0
7_admin.xmi,"Additionally, if delivery option is chosen and the order is accepted, Wolt’s system immediately starts allocating a vacant courier that can pick up the food and deliver it to the customer.","complexity in conditional steps for T1. Wolt's system not sure refer to website or mobile app. timeframe of ""immediately"" not specified(T3)",T1_true,T2_false,T3_true,T4_false,2
7_admin.xmi,It is determined by range from the customer and the restaurant - couriers usually operate in a designated area - if they are in range and vacant they are prompted if they want to accept the order.,"how range determination affects courier allocation and lack of specific definition of ""range"" and operational area",T1_true,T2_false,T3_true,T4_false,2
7_admin.xmi,"If not, the allocating process restarts.",undetailed process of restartingNo ambiguity found,T1_false,T2_false,T3_true,T4_false,1
7_admin.xmi,"If the courier accepts, they head towards the restaurant to pick up the order.",Clearly outlines the action taken by the courier,T1_false,T2_false,T3_false,T4_false,0
7_admin.xmi,"When it is picked up, the courier travels towards the customer to deliver the order.",Specifies the final action in the delivery process,T1_false,T2_false,T3_false,T4_false,0
16_admin.xmi,"the process starts when a customer wants to rent a bike, this is requested online through their website.",Clear initial action with a straightforward process initiation.,T1_false,T2_false,T3_false,T4_false,0
16_admin.xmi,"In the first step, the customer will write an email asking if there are any bikes available at that time.",Describes a clear initial communication step without ambiguity.,T1_false,T2_false,T3_false,T4_false,0
16_admin.xmi,"Swapfiets online customer service will receive the email and contact the Swapfiets store employees, those are the ones who check the availability of the bikes.",equence of actions and responsibilities are well-defined.,T1_false,T2_false,T3_false,T4_false,0
16_admin.xmi,"If no bikes are available, Swapfiets online customer service will notify the customer, and the service will not be supported.",Clear conditional action with specific outcomes.,T1_false,T2_false,T3_false,T4_false,0
16_admin.xmi,"Otherwise, if bikes are available, the customer must fill in all the required information and pay the first fee while the Swapfiets store employees prepare the bike.","Details parallel actions (customer fills information and pays, employees prepare the bike) which are clear and logically structured.",T1_false,T2_false,T3_false,T4_false,0
16_admin.xmi,"Once they have completed everything, they can get the bike from the shop and the contract will be started.",Sequential actions are clear with a definitive start to the contract.,T1_false,T2_false,T3_false,T4_false,0
16_admin.xmi,"In case something is wrong, maintenance will be requested, and it will be the Swapfiets store employees who will fix or swap the bike.","Ambiguity arises in how ""something is wrong"" is determined and the specifics of the maintenance request process.",T1_true,T2_false,T3_true,T4_false,2
16_admin.xmi,"The customer will proceed to take the bike to the nearest Swapfiets store or also, the staff will pick up the bike at the customer's place, so that the store employees can check that it is something wrong.","The options for bike drop-off or pick-up are not clearly sequenced or conditioned, and ""something wrong"" lacks specificity.",T1_true,T2_false,T3_true,T4_false,2
16_admin.xmi,"The bike will be analyzed, and depending on the damage, it will be swapped for another one, or fixed.",The process for analyzing the bike and deciding on actions (swap or fix) lacks detail on criteria or steps.,T1_false,T2_false,T3_true,T4_false,1
16_admin.xmi,"Once the bike is ready to be used, the customer will pick it up at the store and start using it again.",Clear end to the maintenance process.,T1_false,T2_false,T3_false,T4_false,0
16_admin.xmi,The maintenance process can be performed as many times as the bike requires.,clear description about potential loop,T1_false,T2_false,T3_false,T4_false,0
16_admin.xmi,"Once the customer wants to terminate the contract, provided that at least two months have passed since the beginning of the contract, he must send a warning message to Swapfiets employees saying that he wants to terminate the contract.","The procedure for contract termination is generally clear,",T1_false,T2_false,T3_false,T4_false,0
16_admin.xmi,"The customer must take the bike to the shop, and the employees will check it and if everything is correct, they will register it as available and ready for a new rental contract.","The check performed by employees lacks detail on what ""everything is correct"" specifically entails.",T1_false,T2_false,T3_false,T4_false,0
9_admin.xmi,A school sends a request regarding school visit to the manager.,Initial step is straightforward;,T1_false,T2_false,T3_false,T4_false,0
9_admin.xmi,The manager receives the request and checks the calendar.,Describes sequential actions by the manager upon receiving the request clearly,T1_false,T2_false,T3_false,T4_false,0
9_admin.xmi,If date is available the manager assigns a date.,"The action is clear, but ""assigns a date"" might need more detail on how the date is finalized",T1_false,T2_false,T3_true,T4_false,1
9_admin.xmi,The manager sends an email with school visit confirmed.,"Clear follow-up action confirming the visit, indicating a straightforward notification process.",T1_false,T2_false,T3_false,T4_false,0
9_admin.xmi,The manager has to find student ambassadors and therefore sends out a poll to the student ambassadors informing them of the date.,Introduces a new task (finding ambassadors) and the method used (polling) clearly .,T1_false,T2_false,T3_false,T4_false,0
9_admin.xmi,This gives the student ambassadors the chance to sign up if they are available.,lacking details on signing up and availability criteria,T1_false,T2_false,T3_true,T4_false,1
9_admin.xmi,After 3 days the poll is reviewed by the manage.,"Clear action and condition, may lack detail about review criteria",T1_false,T2_false,T3_false,T4_false,1
9_admin.xmi,If more than 3 have applied the manager assign three ambassadors for the visit.,"Conditional action based on the response to the poll. Clear in terms of process, but could use more detail on how ambassadors are chosen",T1_false,T2_false,T3_false,T4_false,0
9_admin.xmi,If less than 3 have replied the manager will notify the ambassadors again about the school visit and extend the sign up period by two days.,Details the action taken if initial responses are insufficient. The process is clear but lacks specifics on the notification method and criteria for extending the period.,T1_false,T2_false,T3_false,T4_false,1
9_admin.xmi,"After the extension of two days, the poll is reviewed again and if three or more student ambassadors have answered she will assign three ambassadors.",Details the action taken if initial responses are insufficient. The process is clear but lacks specifics on the notification method and criteria for extending the period.,T1_false,T2_false,T3_false,T4_false,1
9_admin.xmi,"While the sign up period is running, the manager has to find a room.",clear and straightforward.,T1_false,T2_false,T3_false,T4_false,0
9_admin.xmi,The manager contacts Facility management to check for available rooms.,clear and straightforward.,T1_false,T2_false,T3_false,T4_false,0
9_admin.xmi,If there is an available room the room is booked.,"Direct conditional outcome,  very clear",T1_false,T2_false,T3_false,T4_false,0
9_admin.xmi,"If the manager finds a room and available student ambassadors, the manager creates an agenda and sends the agenda as a confirmation to the school.","Sequential steps based on previous conditions being met, straightforward",T1_false,T2_false,T3_false,T4_false,0
9_admin.xmi,"Reasons for cancellation: 
If the date is not available the manager cancel the request.",clearly outline the conditions,T1_false,T2_false,T3_false,T4_false,0
9_admin.xmi,"If less than three student ambassadors are available after the two sign up periods, the school visit must be cancelled.",clearly outline the conditions,T1_false,T2_false,T3_false,T4_false,0
9_admin.xmi,"If there are no rooms available for the school visit, the manager is notified by the facility management and the school visit must be cancelled.",clearly outline the conditions,T1_false,T2_false,T3_false,T4_false,0
8_admin.xmi,When a customer access Mikkeller Webshop platform and they may browse the products in the webshop.,"The phrase ""and they may"" suggests browsing is an option, but it's not a mandatory action upon accessing the platform.",T1_true,T2_false,T3_false,T4_false,0
8_admin.xmi,"A customer must browse for products prior to adding a product to the basket, but they can access the basket upon entering the webshop without any prior conditions.","Specifies a mandatory action (browsing) before adding products to the basket, while also allowing for immediate basket access. sequence ambiguity about browsing and adding to basket vs. direct basket access",T1_true,T2_false,T3_false,T4_false,1
8_admin.xmi,"A customer may adjust the quantity of the products prior to adding the product to the basket, but they could also add a product with its default quantity of 1.","Clear in providing options, though ""may"" and ""could"" introduce optional steps without strict necessity.",T1_true,T2_false,T3_false,T4_false,0
8_admin.xmi,A customer may adjust the quantity or remove products within the basket.,"""may"" may introduce optional steps without strict sequence",T1_true,T2_false,T3_false,T4_false,0
8_admin.xmi,In order to proceed to check-out at least one product must be in the basket.,"Specifies a clear condition that needs to be met to proceed to checkout, introducing a necessary condition without ambiguity.",T1_false,T2_false,T3_false,T4_false,0
8_admin.xmi,"In order to complete the purchase, a customer must fill correct contact, shipping and billing details.","the term ""correct"" may need further clarification on what constitutes correct details",T1_false,T2_false,T3_true,T4_false,0
8_admin.xmi,"The payment method used in the billing details must have sufficient funds to cover the order, otherwise the payment will be rejected.","Provides a clear stipulation regarding payment sufficiency, with a straightforward consequence if not met.",T1_false,T2_false,T3_false,T4_false,0
8_admin.xmi,At any time the customer may leave the webshop page.,"States an open option available to the customer, clearly indicating the non-restrictive nature of the webshop interaction.",T1_false,T2_false,T3_false,T4_false,0
24_admin.xmi,The process is as follows; they create and collect multiple samples in petri dishes and bottles.,Clear initiation step specifying the actions taken to collect samples.,T1_false,T2_false,T3_false,T4_false,0
24_admin.xmi,There are two different units: production and quality control.,Clearly defines the two units involved in the process.,T1_false,T2_false,T3_false,T4_false,0
24_admin.xmi,"Within Quality Control (QC), there are two different sub-departments; Quality Control Chemical (QCC), and Quality Control Microbiological (QCM).","Specifies the sub-departments within QC, indicating their specific focus areas.",T1_false,T2_false,T3_false,T4_false,0
24_admin.xmi,The focus of this paper will be in the sub-department; Quality Control Microbiological.,Clearly indicates the focus area for this particular process description.,T1_false,T2_false,T3_false,T4_false,0
24_admin.xmi,Quality control is tasked with managing the samples and performing sanitary control of the materials used to create their products.,Describes the responsibilities of the quality control department clearly.,T1_false,T2_false,T3_false,T4_false,0
24_admin.xmi,"The first step, collecting samples, is performed by the production unit.","Specifies the role of the production unit in collecting samples, with no ambiguity.",T1_false,T2_false,T3_false,T4_false,0
24_admin.xmi,"The process involves the collection of samples, which they then log in an IT-system, LIMS, and the samples are then submitted.",Clearly outlines the steps involved in logging and submitting the samples.,T1_false,T2_false,T3_false,T4_false,0
24_admin.xmi,"Hereafter, an employee from quality control receives the samples, checks the samples and makes sure that they are not missing any from the samples registered.",Clearly describes the next steps of sample verification without ambiguity.,T1_false,T2_false,T3_false,T4_false,0
24_admin.xmi,"This is logged in a connected IT-system, Global LIMS, and the samples are registered as ‘collected’ and are ready for analysis.","Specifies the logging and registration process, ensuring readiness for analysis.",T1_false,T2_false,T3_false,T4_false,2
24_admin.xmi,"Furthermore, the created samples must be analysed according to a specific method and are then incubated afterwards.",Clearly outlines the analysis and incubation steps.,T1_false,T2_false,T3_false,T4_false,0
24_admin.xmi,The duration of incubation varies according to the collected sample.,"Indicates variability in incubation duration, which is contextually clear.",T1_false,T2_false,T3_false,T4_false,0
24_admin.xmi,"In QCM, there is an administrative employee responsible for receiving the samples and distributing them to the chemists and laboratory technicians performing different types of analysis.",Specifies the role of the administrative employee in sample distribution.,T1_false,T2_false,T3_false,T4_false,0
24_admin.xmi,"When the samples have been 2 analysed, the information is logged in Global LIMS and is checked up on by a second laboratory technician.",Clearly outlines the post-analysis logging and verification process.,T1_false,T2_false,T3_false,T4_false,0
24_admin.xmi,"Then, another department, quality assurance, runs through the entire sample, from collection to analysis, ensuring that everything is compliant.",Describes the comprehensive compliance check by the quality assurance department.,T1_false,T2_false,T3_false,T4_false,0
24_admin.xmi,"If everything is deemed acceptable, quality assurance confirms and releases the production batch associated with the samples.",Clearly defines the approval and release process of the production batch.,T1_false,T2_false,T3_false,T4_false,0
24_admin.xmi,"Lastly, when the batch has been confirmed the samples are stored for a specific amount of time as a safety measure if further analysis is needed.",Specifies the storage of samples post-approval as a precautionary measure.,T1_false,T2_false,T3_false,T4_false,0
24_admin.xmi,"The storage time of the samples where the batch has been released differ, however, ultimately if everything has gone right in the process, they are thrown out.",This introduces ambiguity regarding the variability in storage times and the conditions under which samples are disposed of.,T1_true,T2_false,T3_true,T4_false,2
5_admin.xmi,The process starts when the storage facility used by Puori sends a product sample to Ellipse.,This sentence clearly initiates the process with a straightforward action without ambiguity.,T1_false,T2_false,T3_false,T4_false,0
5_admin.xmi,Ellipse then notifies Puori of the new sample.,"Sequential and clear action following the receipt of the sample, with no ambiguity.",T1_false,T2_false,T3_false,T4_false,0
5_admin.xmi,"Before testing can begin, Puori then request a test of a sample through Ellipse.","This sentence specifies a precondition for testing but might introduce ambiguity regarding the mechanism by which the request is made and the exact nature of the ""request.""",T1_true,T2_false,T3_true,T4_false,1
5_admin.xmi,"Ellipse must then test the product, as well as have additional testing done through Eurofarms.",ambiguous order of testing activities,T1_true,T2_false,T3_false,T4_false,1
5_admin.xmi,"When all testing is done, results will be compiled into a report before sending the report to Puori for approval.",might be ambiguous in terms of who compiles the report and how the completeness of testing is confirmed.,T1_true,T2_false,T3_true,T4_false,2
5_admin.xmi,This enables Puori to evaluate the results.,"Clear outcome of the previous action, no ambiguity",T1_false,T2_false,T3_false,T4_false,0
5_admin.xmi,"If the results are different than expected, Puori may ask Ellipse for re-testing.","Introduces a conditional process with potential ambiguity regarding the criteria for ""different than expected"" and the process of re-testing.",T1_true,T2_false,T3_true,T4_false,2
5_admin.xmi,"If the results of the re-testing do not live up to Puoris standards, the batch will be discarded.",Clear consequence but introduces ambiguity about the standards and the decision-making process for discarding.,T1_false,T2_false,T3_true,T4_false,1
5_admin.xmi,"If the results are sound Ellipse must send the results to Clean Label, who must then publish the results.","what qualifies as ""sound"" is ambiguous",T1_false,T2_false,T3_true,T4_false,1
5_admin.xmi,"Puori then checks whether all is in order and either approves of the publication, or compiles a list of possible errors.",process of checking and decision criteria ambiguous,T1_false,T2_false,T3_true,T4_false,1
5_admin.xmi,"If errors are found, Clean Label must correct the errors before publishing the results again.",correction process underspecified,T1_false,T2_false,T3_uncertain,T4_false,0
11_admin.xmi,The process begins when the deadline for applying for a certain job is reached.,The sentence clearly states the start of the process. No ambiguity here.,T1_false,T2_false,T3_false,T4_false,0
11_admin.xmi,"After this the HR employee screens the application for those who invoke their equal rights as disabled, as well as look through the application for internal applicants.","The sentence is slightly awkward in its structure (""look through"" should be ""looks through"" to maintain subject-verb agreement). but it's ok",T1_false,T2_false,T3_false,T4_false,0
11_admin.xmi,Meanwhile the head of the department hiring looks through the applications.,"Clear but does not specify how this task is synchronized with the HR employee's tasks, potentially leading to ambiguity in the parallel processing of tasks.",T1_true,T2_false,T3_false,T4_false,1
11_admin.xmi,"When the applications has been screened and looked through, the HR and head of department meets to select the candidates that are being invited for the first interview.",clear  suggests a sequence of actions,T1_false,T2_false,T3_false,T4_false,0
11_admin.xmi,The candidates are then either receiving an email with a rejection or receiving a call where they are invited for the first interview.,clearly describes the outcomes for candidates,T1_false,T2_false,T3_false,T4_false,0
11_admin.xmi,If the candidate does not answer the phone the HR employee leaves a message on their answering machine to call back.,Clear in describing a conditional action.,T1_false,T2_false,T3_false,T4_false,0
11_admin.xmi,If the candidate does not call back the dialogue with this candidate is terminated.,Specifies a clear outcome if a condition is not met.,T1_false,T2_false,T3_false,T4_false,0
11_admin.xmi,"However, if the candidate gives a call back or pick up the phone the first time the HR employee calls a time and date for the interview is agreed upon.",Describes contingent actions based on candidate responses,T1_false,T2_false,T3_false,T4_false,0
11_admin.xmi,"When a time and date is agreed upon, the HR employee will prepare an email to the candidate with information regarding the interview.",Sequential and clear; specifies the next steps following a prior condition.,T1_false,T2_false,T3_false,T4_false,0
11_admin.xmi,"After this the candidate, head of department and a selected employee of the department hiring is attending the interview.",Clearly states who is involved in the interview,T1_false,T2_false,T3_false,T4_false,0
11_admin.xmi,"When all the interviews are executed the HR, head of department and employee from the respective department agrees upon the candidates invited for the second interview.",Specifies a group decision-making process after interviews,T1_false,T2_false,T3_false,T4_false,0
11_admin.xmi,This leads to the candidates invited for the second interview is receiving a phone call and the candidates not invited for the second interview is receiving a rejection email.,clearly describes the outcomes for candidates based on the decisions made,T1_false,T2_false,T3_false,T4_false,0
12_admin.xmi,The following process description is a summary of the sequential tasks pertaining to the “​order handling process” by the service a​gents of the sales department in CompanyX.,This sentence clearly sets the stage for a summary of tasks,T1_false,T2_false,T3_false,T4_false,0
12_admin.xmi,The primary tasks of the sales department is to administer and facilitate the client’s order requests in the (CRM) system as they come in.,"The term ""primary tasks"" is vague and could refer to a variety of actions or responsibilities, making it ambiguous what exactly these tasks entail.",T1_false,T2_true,T3_false,T4_false,1
12_admin.xmi,This process starts with the service agent accessing the inbound order requests and opening the translation order to check the document type.,The tasks are sequentially mentioned and detailed enough for this context.,T1_false,T2_false,T3_false,T4_false,0
12_admin.xmi,"If the client has attached a document format the system cannot accept, such as a PDF, the agent requests a different format from the client.","It is not specified if this task should happen simultaneously with other tasks or if it interrupts the process flow, creating ambiguity about task sequence.",T1_true,T2_false,T3_false,T4_false,1
12_admin.xmi,"If the client does not have a different format, the agent manually tries to convert it into a format the system can accept.",Clearly specifies a contingent action based on the previous condition.,T1_false,T2_false,T3_false,T4_false,0
12_admin.xmi,"The agent then analyses the document in order to process the document and give the system an automatic read of document length, word and repetition count.",It is unclear if this task should occur immediately after the document is made acceptable or can overlap with other tasks,T1_true,T2_false,T3_false,T4_false,0
12_admin.xmi,"When the document is analysed, the agent then sets a quota on the order and registers it to the system.",a set of actions,T1_false,T2_false,T3_false,T4_false,0
12_admin.xmi,"Before sending the quota to the client, the agent subcontracts a translator to fulfil the translation.",clearly sequences of actions,T1_false,T2_false,T3_false,T4_false,0
12_admin.xmi,"This task is done by the agent choosing a translator from the Company X’s Translator Database, and sending them a task request.","The phrase ""this task"" is somewhat vague without a clear reference to the specific actions included in the task.",T1_false,T2_true,T3_false,T4_false,1
12_admin.xmi,"The translator can either choose to accept or reject the task, and if rejected the agent has to send the request to another translator.",clear options,T1_false,T2_false,T3_false,T4_false,0
12_admin.xmi,"If the task is accepted, the agent gets a notification of this, and sends the quota to the client to accept.",Sequence of receiving notification and sending the quota could be clearer in terms of order or concurrency.,T1_true,T2_false,T3_false,T4_false,0
12_admin.xmi,"If the client accepts the quota, a notification is sent to the assigned translator to begin the translation work.","""Assigned translator"" is vaguely referenced; it's unclear how the assignment process is handled from this statement.",T1_false,T2_true,T3_false,T4_false,1
12_admin.xmi,"Should the client reject the quota, the order is cancelled and the translator is released from the task.",Clear conditional outcomes.,T1_false,T2_false,T3_false,T4_false,0
12_admin.xmi,"Once the translation work is complete, the translator uploads the finished document into the system.",clear sequence of actions,T1_false,T2_false,T3_false,T4_false,0
12_admin.xmi,"The agent then quality checks the translation work, ensuring that that the translation is on par with company requirements/standards.","did not specifcy what is the detail of "" on par with company requirements/standards.""",T1_false,T2_false,T3_true,T4_false,1
12_admin.xmi,"If the work is accepted, the agent will send the translated document along with an invoice to the client and close the order case.",Clearly outlines the final actions upon acceptance.,T1_false,T2_false,T3_false,T4_false,0
25_admin.xmi,"The process is always initiated when the purchaser receives an order request in their portal ServiceNow, which is modelled in the graph as an activity called Receive order in ServiceNow.","Clearly defines the initiation of the process, specifying the action and the system used.",T1_false,T2_false,T3_false,T4_false,0
25_admin.xmi,"Followed by this is the activity Check stock, which means that the purchaser must check whether or not the product is on stock, before he knows where to go next.",Clearly describes the next step in the process and its purpose.,T1_false,T2_false,T3_false,T4_false,0
25_admin.xmi,There are now six paths the purchaser can execute which are based on the six different required scenarios and the two forbidden scenarios.,Mentioning six paths and two forbidden scenarios without describing them immediately introduces ambiguity regarding the specific actions and conditions for each path.,T1_true,T2_false,T3_true,T4_false,0
25_admin.xmi,The scenarios are described in detail later on in this section.,"Restates the previously mentioned step, maintaining clarity.",T1_false,T2_false,T3_false,T4_false,0
25_admin.xmi,The first thing the Purchaser does is checking if the item is on stock.,"Restates the previously mentioned step, maintaining clarity.",T1_false,T2_false,T3_false,T4_false,0
25_admin.xmi,From here he will move on directly to Check item value so that he knows if the product should be registered in the system for the individual user.,"Reiterates the necessity of the step, ensuring clarity.",T1_false,T2_false,T3_false,T4_false,0
25_admin.xmi,This is a necessary step which needs to be done and is a result of checking the stock.,"Reiterates the necessity of the step, ensuring clarity.",T1_false,T2_false,T3_false,T4_false,0
25_admin.xmi,"Now if the item has a low value, it is ready for delivery, but if it has a high value the Check item value activity, makes Registration available for execution.","This introduces ambiguity regarding the specific criteria for ""low value"" and ""high value,"" and what ""makes Registration available for execution"" entails.",T1_true,T2_false,T3_true,T4_false,2
25_admin.xmi,"After this has been done, the delivery of the item is now a mandatory part of the process.",Clearly states that delivery is mandatory following the previous steps.,T1_false,T2_false,T3_false,T4_false,0
25_admin.xmi,This will end with the purchaser always closing the order in ServiceNow.,Clearly indicates the final step for closing the order.,T1_false,T2_false,T3_false,T4_false,0
25_admin.xmi,"If the item is not on stock, the purchaser must first place the order from an external vendor.",Clearly defines the action taken if the item is not in stock.,T1_false,T2_false,T3_false,T4_false,0
25_admin.xmi,"From here, the purchaser must again go to the activity of Check item value, so that he will know if the item should be registered or not.",Clearly describes the repeated step and its purpose.,T1_false,T2_false,T3_false,T4_false,0
25_admin.xmi,"After this, the purchaser must ensure whether the item has been received, and if not, the purchaser contacts the vendor which is shown in the activities Check delivery status followed by Contact vendor.",Clearly outlines the steps for checking the delivery status and contacting the vendor if necessary.,T1_false,T2_false,T3_false,T4_false,0
25_admin.xmi,"Lastly the order can be closed in ServiceNow, which is shown with the activity Close order in ServiceNow.",Clearly describes the final step for closing the order in the system.,T1_false,T2_false,T3_false,T4_false,0
2_admin.xmi,Consider the following business process at an insurance company.,"Introductory statement, no ambiguity.",T1_false,T2_false,T3_false,T4_false,0
2_admin.xmi,"The process includes two major roles, agents (supporting customers outdoor) and clerks (work indoors).","Clear definition of roles, no ambiguity.",T1_false,T2_false,T3_false,T4_false,0
2_admin.xmi,"When the insurance company receives a new claim, the clerk calls the agent to actually check the claim, and creates a new case.","Although the tasks are clearly defined, the sequential of calling and case creation might be unclear.",T1_true,T2_false,T3_false,T4_false,1
2_admin.xmi,"As both tasks are executed by different roles (that are mapped to different people), the activities are scheduled in parallel.","Although the tasks are clearly defined, the sequential or concurrent nature of calling and case creation might be unclear.",T1_false,T2_false,T3_false,T4_false,0
2_admin.xmi,"After the agent has confirmed the claim to the clerk, he supports the customer with additional assistance (e.g. getting a new id-card from the public authority).",Details sequential actions but may imply uncertainty in how the confirmation affects subsequent activities.,T1_false,T2_uncertain,T3_true,T4_false,1
2_admin.xmi,"After the clerk has received the confirmation from the agent, she issues a money order for the claim.","Clear causality and sequence of actions, no ambiguity.",T1_false,T2_true,T3_false,T4_false,0
2_admin.xmi,"If the agent has completed his additional support and the clerk has issued the money order, the claim is closed.","This sentence introduces conditional closure of the claim, potentially ambiguous depending on the conditions for 'completion' and 'issuance'.",T1_true,T2_false,T3_true,T4_false,2
4_admin.xmi,When an employee creates an expense report the money must be paid out within one week.,"The requirement is straightforward, showing no ambiguity about the timeline.",T1_false,T2_false,T3_false,T4_false,0
4_admin.xmi,After creating the expense report a manager should approve the expense report. if a manager approves the expense report the money can be paid out by finance.,"the use of ""should"" may introduce a slight ambiguity regarding the mandatoriness of the approval.",T1_false,T2_false,T3_true,T4_false,0
4_admin.xmi,If the case is awaiting manager approval payout cannot happen.,The sentence sets a conditional process clearly linking managerial approval to the action of the finance department.,T1_false,T2_false,T3_false,T4_false,0
4_admin.xmi,If the manager rejects the expense report he must later approve the expense report in order to payout to happen.,This introduces a potential ambiguity related to the process that follows a rejection. The necessity of re-approval by the same manager who rejected the report might be seen as an inconsistent step.,T1_false,T2_false,T3_false,T4_true,1
4_admin.xmi,The employee can redraw the expense report.,Don't know the action should be take after rejection or approval,T1_true,T2_false,T3_true,T4_false,1
4_admin.xmi,Doing so will close the case.,"not sure which action will close the case, is the redraw or payout?",T1_true,T2_false,T3_false,T4_false,1
4_admin.xmi,Once payout has been done the case is closed.,It provides a definite endpoint to the process. But didn't mention what could happen if paid out is not finished within one week.,T1_false,T2_false,T3_true,T4_false,1
14_admin.xmi,The process begins when an employee contacts a long-term seller from the waiting list.,Clear initial action,T1_false,T2_false,T3_false,T4_false,0
14_admin.xmi,The long-term seller in our BPMN pays to rent a shelf for 14 weeks.,"""The long-term seller in our BPMN"" might cause confusion about whether it refers to a specific or any seller within the system",T1_false,T2_true,T3_false,T4_false,0
14_admin.xmi,"Once the seller has paid and two weeks has passed, the seller will move in.",clear condition and action,T1_false,T2_false,T3_false,T4_false,0
14_admin.xmi,We have then included a subprocess describing the different activities a seller can do to maintain their shelf.,An explanation for following process,T1_false,T2_false,T3_false,T4_false,0
14_admin.xmi,"The first subprocess indicates that an active seller will regularly renew their shelf to ensure they are profitable, whilst a passive seller will not.","""Regularly renew"" and the distinction between ""active"" and ""passive"" sellers are ambiguous in frequency, criteria, and implications on the process.",T1_true,T2_true,T3_true,T4_false,3
14_admin.xmi,"After 12 weeks of the seller's renting period has passed, an employee will contact the seller to ask if the seller would like to extend their shelf.",how the contact is initiated or what happens if the seller is unreachable is not specified.,T1_false,T2_false,T3_true,T4_false,1
14_admin.xmi,This activity is also connected to a subprocess which goes into detail and describes the alternative options for responding to the employee.,"Connected to a subprocess"" suggests a sequence but does not clarify how these connections are managed within the BPMN",T1_true,T2_true,T3_false,T4_false,2
14_admin.xmi,"If a seller decides they do not want to extend their renting period, they will inform an employee at the store and move out at the end of their 14-week renting period.",clear sequence of actions,T1_false,T2_false,T3_false,T4_false,0
14_admin.xmi,Management will terminate the contract and an employee will contact the next seller from the waiting list.,clear actions,T1_false,T2_false,T3_false,T4_false,0
14_admin.xmi,"If the seller would like to extend their renting period, management must review the seller's request.",clear condition and action,T1_false,T2_false,T3_false,T4_false,0
14_admin.xmi,Management will check if the seller's weekly revenue is greater than or equal to 700 DKK.,Clear criteria for revenue evaluation are given,T1_false,T2_false,T3_false,T4_false,0
14_admin.xmi,"If the revenue meets the requirement, management will approve the request and an employee will take payment from the seller for the next renting period.",clear condition and action,T1_false,T2_false,T3_false,T4_false,0
14_admin.xmi,The seller can then continue to rent their shelf.,clear continuation action,T1_false,T2_false,T3_false,T4_false,0
14_admin.xmi,"If the seller's revenue is less than 700 DKK, management will try to advise the seller against the request.","""try to"" indictate introduces ambiguity regarding the enforceability and effectiveness of the advice",T1_true,T2_false,T3_false,T4_false,1
14_admin.xmi,The seller can either accept the suggestion and move out or decline the suggestion.,"The options given are clear, but the sequence and process following each choice (especially if declined) are not detailed,",T1_true,T2_false,T3_false,T4_false,1
14_admin.xmi,"If the seller declines the suggestion from management, the seller will be granted an extension regardless of management's suggestions.","This introduces ambiguity in the process rules and potential inconsistency in policy enforcement, as it contradicts the earlier implication that management's advice might influence the decision.",T1_true,T2_false,T3_true,T4_true,3
14_admin.xmi,The employee will then take payment from the seller for the extension period.,clear endpoint,T1_false,T2_false,T3_false,T4_false,0
3_admin.xmi,The workflow of a computer repair service (CRS) can be described as follows.,This sentence clearly states the initial steps in the process. There is no ambiguity,T1_false,T2_false,T3_false,T4_false,0
3_admin.xmi,A customer brings in a defective computer and the CRS checks the defect and hands out a repair cost calculation back.,This sentence clearly states the initial steps in the process.,T1_false,T2_false,T3_true,T4_false,0
3_admin.xmi,"If the customer decides that the costs are acceptable, the process continues, otherwise she takes her computer home unrepaired.","T2_true,it does not specify what ""the process continues"" entails, leading to potential ambiguity. T3_uncertain (underspecification of what steps follow if the process continues),",T1_false,T2_true,T3_true,T4_false,2
3_admin.xmi,"The ongoing repair consists of two activities, which are executed, in an arbitrary order.",it's unclear how tasks are prioritized or if one might depend on the other.,T1_true,T2_false,T3_false,T4_false,1
3_admin.xmi,"The first activity is to check and repair the hardware, whereas the second activity checks and configures the software.",Both activities are clearly described in terms of their goals and scope.,T1_false,T2_false,T3_false,T4_false,0
3_admin.xmi,"After each of these activities, the proper system functionality is tested.",lacks details on how testing is conducted,T1_false,T2_false,T3_uncertain,T4_false,1
3_admin.xmi,"If an error is detected another arbitrary repair activity is executed, otherwise the repair is finished.","The use of ""arbitrary"" suggests a lack of structured decision-making regarding which repair activities to perform upon error detection, potentially leading to inconsistency in service quality or process efficiency.",T1_true,T2_true,T3_true,T4_false,3
10_admin.xmi,"When P&R puts in a request for a label design, Marketing must create a label design and submit it for approval to the product owner.",clear sequence of actions,T1_false,T2_false,T3_false,T4_false,0
10_admin.xmi,"After the design is approved by the product owner, Marketing may send the design to test groups for feedback.","The use of ""may"" introduces ambiguous whether sending to test groups",T1_true,T2_false,T3_false,T4_false,1
10_admin.xmi,If changes are made based on the feedback Marketing must submit the design for approval to the product owner.,the process could cyclically repeat based on feedback,T1_false,T2_false,T3_false,T4_false,0
10_admin.xmi,"After the design is approved, if the design is not sent to test groups, Marketing must send the design to P&R.",conditional steps introduce complexity regarding the workflow's progression,T1_true,T2_false,T3_false,T4_false,1
23_admin.xmi,The process starts when the ​storage facility used by ​Puori ​sends a product sample to ​Ellipse.,"Clearly defines the process initiation, specifying the involved entities and action.",T1_false,T2_false,T3_false,T4_false,0
23_admin.xmi,Ellipse then ​notifies ​Puori ​of the new sample.,Describes a straightforward notification step with no ambiguities.,T1_false,T2_false,T3_false,T4_false,0
23_admin.xmi,"Before testing can begin, ​Puori ​then ​request a test ​of a sample through ​Ellipse​. ​",Specifies a clear prerequisite action before testing begins.,T1_false,T2_false,T3_false,T4_false,0
23_admin.xmi,"Ellipse ​must then ​test the product​, as well as have ​additional testing done through Eurofarms.",The parallel testing process involving Eurofarms could introduce ambiguity about the sequence and coordination between Ellipse and Eurofarms.,T1_true,T2_false,T3_false,T4_false,1
23_admin.xmi,"When all testing is done, ​results will be compiled ​into a report before ​sending the report to Puori ​for approval.","Clearly outlines the steps following the completion of testing, specifying the report compilation and approval process.",T1_false,T2_false,T3_false,T4_false,0
23_admin.xmi,This enables ​Puori to ​evaluate the results​.,"Describes the purpose of the previous step, ensuring clarity in the process flow.",T1_false,T2_false,T3_false,T4_false,0
23_admin.xmi,"If the results are different than expected, Puori may ​ask ​Ellipse ​for re-testing​.",Clearly states a conditional action based on the evaluation results.,T1_false,T2_false,T3_false,T4_false,0
23_admin.xmi,"If the results of the re-testing do not live up to ​Puori’​s standards, the batch ​will be discarded​.","Specifies a clear consequence for failing to meet standards, with no ambiguity.",T1_false,T2_false,T3_false,T4_false,0
23_admin.xmi,"If the results are sound ​Ellipse ​must ​send the results to ​Clean Label, ​who must then publish the results​. ​",Clearly describes the subsequent steps for publishing sound results.,T1_false,T2_false,T3_false,T4_false,0
23_admin.xmi,"Puori then ​checks whether all is in order and either ​approves of the publication​, or ​compiles a list of possible errors.","Specifies the verification step by Puori, outlining clear possible outcomes.",T1_false,T2_false,T3_false,T4_false,0
23_admin.xmi,"If errors are found, ​Clean Label must correct the errors before ​publishing the results​ again.","Clearly describes the corrective action and the requirement for republishing, ensuring process clarity.",T1_false,T2_false,T3_false,T4_false,0
18_admin.xmi,"The process spans five departments within the company: Executives, Customer Service, Finance, IT SYSOPS (system operations) and IT DEVOPS (development operations).",Straightforward initiation of the process with no apparent ambiguities.,T1_false,T2_false,T3_false,T4_false,0
18_admin.xmi,"The roles involved in the process are the Global Relationship Manager (GRM), a Customer Service Consultant (CSC), an accountant, the DataBase Administrator (DBA) and the Head of Development (HoD):

The GRM receives a request to become retailer.",Clear follow-up action required by the GRM.,T1_false,T2_false,T3_false,T4_false,0
18_admin.xmi,Afterwards the GRM must request more information from the potential retailer.,Logical sequence that clearly depends on the preceding action.,T1_false,T2_false,T3_false,T4_false,0
18_admin.xmi,The retailer can only provide the requested information after the request has been made.,Specifies the flow of information clearly.,T1_false,T2_false,T3_false,T4_false,0
18_admin.xmi,"Once the information has been provided, the information must be forwarded to the CSC by the GRM.",Clear conditional step that follows the forwarding of information.,T1_false,T2_false,T3_false,T4_false,0
18_admin.xmi,Only after the information has been forwarded the CSC register the information in Oracle.,Specifies a constraint that prevents ambiguity in the data handling process.,T1_false,T2_false,T3_false,T4_false,0
18_admin.xmi,The information can only be registered in Oracle once during the process.,Direct and specific action required from the CSC.,T1_false,T2_false,T3_false,T4_false,0
18_admin.xmi,Afterwards the CSC must create a Jira task for the HoD.,Implies a trigger for action based on the completion of the previous task.,T1_false,T2_false,T3_false,T4_false,0
18_admin.xmi,Then the HoD knows that he must create a contract.,Clearly states a rule to avoid duplicity and ensure clarity in contract creation.,T1_false,T2_false,T3_false,T4_false,0
18_admin.xmi,The creation of the contract should only happen once to prevent misunderstandings within the process.,"Defines a strict order of operations, enhancing process clarity.",T1_false,T2_false,T3_false,T4_false,0
18_admin.xmi,Only once the contract has been created the HoD can send the contract.,Clearly outlines the potential outcomes following the contract sending.,T1_false,T2_false,T3_false,T4_false,0
18_admin.xmi,"After sending the contract two scenarios are possible: a) the contract is reviewed by retailer, b) the request is automatically cancelled after 30 days of no response from retailer.",Clearly outlines the potential outcomes following the contract sending.,T1_false,T2_false,T3_false,T4_false,0
18_admin.xmi,If the request is cancelled automatically the rest of the process will be cancelled as well.,Specifies the consequences of the scenario where the retailer does not respond.,T1_false,T2_false,T3_false,T4_false,0
18_admin.xmi,If the contract is reviewed by retailer two additional options are possible: retailer signs contract or retailer rejects contract.,Provides clear options for proceeding in case of contract rejection.,T1_false,T2_false,T3_false,T4_false,0
18_admin.xmi,"If the retailer rejects the contract, the request will either be cancelled or the HoD will refine the contract due to errors in the contract.",Provides clear options for proceeding in case of contract rejection.,T1_false,T2_false,T3_false,T4_false,0
18_admin.xmi,Rejection of the contract will disable the rest of the process from happening.,Explicitly states the impact of a contract rejection on the process continuation.,T1_false,T2_false,T3_false,T4_false,0
18_admin.xmi,If the request is cancelled by the retailer the process will be cancelled.,Straightforward statement of the process termination upon retailer-initiated cancellation.,T1_false,T2_false,T3_false,T4_false,0
18_admin.xmi,If the contract is refined it eliminates the option to cancel the request before the contract has been sent once again.,"Ambiguous how the refinement process impacts the ability to cancel the request, needing more clarity on the conditions that remove the cancellation option.",T1_true,T2_false,T3_true,T4_false,2
18_admin.xmi,"If the retailer chooses to sign the contract during contract review, it shouldn’t be possible to obtain more information, send the contract or cancel the request.","Specifies the restrictions once the contract is signed, enhancing process control and preventing redundant actions.",T1_false,T2_false,T3_false,T4_false,0
18_admin.xmi,After the retailer has signed the contract the GRM must receive the signed contract.,Direct action required by the GRM following the retailer's signature.,T1_false,T2_false,T3_false,T4_false,0
18_admin.xmi,After that the Finance department must create an invoice.,Clearly specifies the next step in the financial workflow,T1_false,T2_false,T3_false,T4_false,0
18_admin.xmi,The invoice can only be created once but can be sent multiple times after it has been created.,Clearly defines a constraint on the creation of the invoice and flexibility in its distribution.,T1_false,T2_false,T3_false,T4_false,0
18_admin.xmi,After the invoice has been sent the retailer must pay the invoice once before the finance department will receive the payment one time.,"Specifies the payment process, outlining a clear sequence of payment and receipt acknowledgment.",T1_false,T2_false,T3_false,T4_false,0
18_admin.xmi,After the payment has been received the finance department must notify the GRM and the CSC.,Describes a clear communication step within the company,T1_false,T2_false,T3_false,T4_false,0
18_admin.xmi,"Once the GRM and CSC have been notified the following activities will happen: the GRM must upload the contract to COMA, the CSC must create a task in Jira for the HoD, register the retailer in webCRM once, and activate the retailer in Oracle once.","While this sentence outlines several activities, the lack of specific sequence or dependencies among these tasks might lead to execution in any order",T1_true,T2_false,T3_false,T4_false,1
18_admin.xmi,"These activities doesn’t have to happen in any specific order, they must however all be executed before the welcome email can be sent by the GRM.",This clarifies that while the sequence is flexible,T1_false,T2_false,T3_false,T4_false,0
18_admin.xmi,The DBA must addition also register the retailer in the Retailer Portal and whitelist the IP address before the welcome email should be allowed to be sent.,"lacks detail on how these tasks integrate with other activities, particularly the timing relative to other actions.",T1_true,T2_false,T3_false,T4_false,1
18_admin.xmi,The tasks the DBA has to perform can only be done once per new retailer.,states a clear limitation on the frequency of the DBA's tasks,T1_false,T2_false,T3_false,T4_false,0
18_admin.xmi,Before the DBA can do these tasks the CSC must have created the task in Jira.,Introduces a dependency that is critical for the workflow but could benefit from more explicit detailing actions,T1_false,T2_false,T3_true,T4_false,1
18_admin.xmi,The final activity of the process is when the GRM sends the welcome email.,Clearly identifies the concluding step of the process,T1_false,T2_false,T3_false,T4_false,0
20_admin.xmi,"There are three actors, or roles, involved in the Statement of Work (SoW) creation process consisting of two departments, the Service Sales department and the Professional Services department, and the Customer.",This initial step clearly defineed,T1_false,T2_false,T3_false,T4_false,0
20_admin.xmi,The SoW creation process is initiated by a workshop in which the Statement of Work is developed by the Service Sales department.,This initial step clearly defines,T1_false,T2_false,T3_false,T4_false,0
20_admin.xmi,"The SoW creation workshop contains three events: “estimate project length”, “estimate resource hours” and “estimate project cost”.",This initial events clearly defines,T1_false,T2_false,T3_false,T4_false,0
20_admin.xmi,"All the activities in the SoW creation workshop are nested as the Statement of Work can only be finished if all activities are executed, hence project length, hours and cost should be estimated in order for the SoW to be completed.",This initial step clearly defines,T1_false,T2_false,T3_false,T4_false,0
20_admin.xmi,The SoW is then evaluated before sending it to the customer.,Indicates a clear internal review process with two possible outcomes,T1_false,T2_false,T3_false,T4_false,0
20_admin.xmi,It can either be rejected or accepted internally by the Service Sales department.,further info for last sentences,T1_false,T2_false,T3_false,T4_false,0
20_admin.xmi,If the SoW is being rejected it is not required that all estimations have to be redone.,another option for last sentences,T1_false,T2_false,T3_false,T4_false,0
20_admin.xmi,The flexibility needs to be given in order for the Service Sales department to adjust only one or two estimations or even small formalities that do not require a new SoW creation workshop.,"explnation for flexibility, too many options leads to unclear about he impact on procedures",T1_true,T2_false,T3_false,T4_false,1
20_admin.xmi,"Once the adjustment is done, the SoW can be sent for internal evaluation again.",Clearly allows for iterative revisions and evaluations,T1_false,T2_false,T3_false,T4_false,0
20_admin.xmi,This process can be repeated as many times as needed until the SoW is accepted and finally sent to the customer.,further info for last sentences,T1_false,T2_false,T3_false,T4_false,0
20_admin.xmi,"Once the SoW is sent to the customer, it cannot be modified and sent to the customer again.",clear conditon and action,T1_false,T2_false,T3_false,T4_false,0
20_admin.xmi,"This ensures alignment between the two parties, Tradeshift and the Customer.",further info for last sentences,T1_false,T2_false,T3_false,T4_false,0
20_admin.xmi,"The Customer is then responsible for reviewing the SoW and choosing one of the three following options: “Rework SoW”, “Reject SoW” and “Accept SoW”.",unclear about the conditions and sequneces of each options,T1_true,T2_false,T3_true,T4_false,2
20_admin.xmi,"Since these activities belong to a second subprocess (“Customer choice”), not all activities have to be executed before moving on to an activity outside of the subprocess.","""not all"" is unclear about sequence and condition about execution for activities",T1_true,T2_false,T3_true,T4_false,0
20_admin.xmi,"If the customer accepts the SoW, it is automatically handed over to the Professional Services department.",clear condition and action,T1_false,T2_false,T3_false,T4_false,0
20_admin.xmi,"Since the “accept SoW” activity excludes itself, as well as “decline project” and “reject SoW”, the only possibility is to close the deal with the Service Sales department and to hand the SoW over to Professional Services, or, in case a problem arises after accepting the SoW, the model provides the needed flexibility to rework the SoW in case ad hoc changes come up.","ambiguous, particularly regarding the exclusions of other activities once the SoW is accepted. The phrase ""needed flexibility to rework the SoW"" suggests possible adjustments post-acceptance but lacks clarity",T1_true,T2_false,T3_true,T4_false,2
20_admin.xmi,"If the Customer rejects the SoW, both accept - and rework SoW are excluded activities and the “project declined” activity gets into a pending state, meaning it must be executed.",Clearly states the consequences of rejection,T1_false,T2_false,T3_false,T4_false,0
20_admin.xmi,This ends the process and Tradeshift’s collaboration with the Customer until Tradeshift is potentially chosen as a vendor of choice again.,Clearly outlines the termination,T1_false,T2_false,T3_false,T4_false,0
20_admin.xmi,"If a Customer decides that rework needs to be done on the suggested SoW, the green include relation from “rework SoW” to the “SoW creation workshop”-nest indicates that any number of activities nested in the “SoW creation workshop” can be executed again to modify the SoW according to the Customer’s preference.","The option for reworking the SoW introduces ambiguity, particularly around which specific activities can be revisited and the extent of allowable modifications.",T1_true,T2_true,T3_true,T4_false,0
20_admin.xmi,"Every time an estimation is modified, the SoW needs to be internally accepted or rejected again.",This adds a repetitive cycle to the process,T1_false,T2_false,T3_false,T4_false,0
20_admin.xmi,"This is shown by the combination of the include, condition and response relation pointing from the “SoW creation workshop”-nest to the “SoW evaluation” subprocess.",descrption for process model,T1_false,T2_false,T3_false,T4_false,0
20_admin.xmi,"Once the SoW is modified, accepted and sent to the Customer, the Customer needs to choose between the three activities in the “Customer choice” subprocess again.",Clearly delineates the customer's choices after receiving a modified SoW,T1_false,T2_false,T3_false,T4_false,0
20_admin.xmi,"The SoW can be reworked as many times as needed, but it can only be rejected and accepted once.",clear condition,T1_false,T2_false,T3_false,T4_false,0
20_admin.xmi,"This is a requirement the model needs to comply with, since the rejection of a SoW indicates the end of a collaboration between Tradeshift and its customer and the acceptance of the SoW leads to the closure of the deal and a handover to Professional Services.",This sentence provides rationale for the constraints mentioned previously,T1_false,T2_false,T3_false,T4_false,0
20_admin.xmi,The SoW should not be modified anymore once it is used as a project baseline in another department.,clear requirement,T1_false,T2_false,T3_false,T4_false,0
15_admin.xmi,The process begins when an employee chooses a seller from the long-term renting waiting list.,Initial action is clear without ambiguity.,T1_false,T2_false,T3_false,T4_false,0
15_admin.xmi,The employee selects a seller and can only pay and decide upon a renting period if the seller confirms the shelf that has become available.,"The relationship between selecting, confirming, paying, and deciding is complex and not entirely clear how these actions are interconnected (sequence and dependency).",T1_true,T2_false,T3_false,T4_false,1
15_admin.xmi,"If the seller does not confirm the shelf, the employee will pick another potential seller.",Conditional action clearly defined based on seller's confirmation.,T1_false,T2_false,T3_false,T4_false,0
15_admin.xmi,After the confirmation the seller must decide their renting period which should be at least 14 weeks.,clear requirement,T1_false,T2_false,T3_false,T4_false,0
15_admin.xmi,Afterwards the seller needs to decide whether they pay over the phone or at the shop which requires an employee to take payment or to pay through the website which automatically will take the payment.,Multiple payment options introduce ambiguity in process flow (sequential or parallel).,T1_true,T2_false,T3_false,T4_false,1
15_admin.xmi,"Hereafter it is possible for the seller to maintain their shelf parallel to other activities where they can provide new items, clean the shelf, take items down and renew prices.","""Parallel to other activities"" introduces ambiguity regarding how these tasks are synchronized and managed within the workflow.",T1_true,T2_false,T3_false,T4_false,1
15_admin.xmi,After they have made the payment they can move out at any time without any other needed activities.,"Lacks details on the process or conditions for moving out, implying flexibility that might need more specific rules or guidelines.",T1_false,T2_false,T3_true,T4_false,1
15_admin.xmi,"Two weeks before the renting period is done, management needs to contact the seller to announce that the renting period is almost complete and ask the seller if they want an extension.",clear condition and action,T1_false,T2_false,T3_false,T4_false,0
15_admin.xmi,"However, it is also possible for sellers to contact management which then would not require management to contact them.",Introduces an alternative pathway with potential synchronization issues and unclear responsibilities.,T1_true,T2_false,T3_true,T4_false,0
15_admin.xmi,"If they do not want to extend, they will move out.",Clear conditions for actions.,T1_false,T2_false,T3_false,T4_false,0
15_admin.xmi,"If they would like an extension, management needs to check their revenue.",clear conditoin and action,T1_false,T2_false,T3_false,T4_false,0
15_admin.xmi,If the revenue is equal or above 700 DKK a week then they can extend the renting period which requires the seller to choose a renting period again and new payment method.,Specifies conditions for extension but sequence of steps are not clarified,T1_true,T2_false,T3_false,T4_false,0
15_admin.xmi,If the revenue is below 700 DKK a week then management can end the contract.,clear condition and action,T1_false,T2_false,T3_false,T4_false,0
15_admin.xmi,Management has the choice to contact the seller again to persuade them to not extend the shelf since it is unprofitable for the shop.,Not sure about mandatory,T1_true,T2_false,T3_false,T4_false,1
15_admin.xmi,"If the seller agrees to not extend, they need to move out after their renting period.",clear condition and action,T1_false,T2_false,T3_false,T4_false,0
15_admin.xmi,"However, if they disagree with management the ‘extension is granted’ and they have decided the renting period and choose a new payment method.","Contains potentially conflicting directives and unclear conditions for the extension process, leading to ambiguity in enforcement and policy application.",T1_true,T2_false,T3_true,T4_true,3
15_admin.xmi,Even though this path is recommended we have shown that it is still possible for management to grant an extension directly to a seller if they have a revenue below 700 DKK a week.,"Introduces a significant inconsistency in policy enforcement and decision-making criteria, leading to confusion about the standard operating procedures and criteria for exceptions.",T1_true,T2_false,T3_true,T4_true,0
6_admin.xmi,Mikkeller has created a webshop to sell their products to customers that are not able to buy them in physical stores or prefers to buy them online.,"Introductory statement, provides context without ambiguity.",T1_false,T2_false,T3_false,T4_false,0
6_admin.xmi,"The webshop ordering includes 3 roles: webshop, customer and warehouse.",Clear definition of the roles involved in the process,T1_false,T2_false,T3_false,T4_false,0
6_admin.xmi,The process starts when the customer enters Mikkeller.dk.,"Clearly initiates the process, specifying the starting action.",T1_false,T2_false,T3_false,T4_false,0
6_admin.xmi,"Before the customer adds an item to his basket, he must decide the quantity of the product that he wishes to purchase.","Specifies a precondition to adding items to the basket, clear in its requirements.",T1_false,T2_false,T3_false,T4_false,0
6_admin.xmi,Once he has done so he adds the product to his basket.,"Logical follow-up action to the previous requirement, no ambiguity.",T1_false,T2_false,T3_false,T4_false,0
6_admin.xmi,"The webshop registers that a customer has sent the above request, and the webshop will then have to “check stock availability”.",lack of detail on how stock availability is checked,T1_false,T2_false,T3_true,T4_false,1
6_admin.xmi,"Should the items be available, the webshop will proceed by adding the items to the basket.","Conditional action based on item availability, clear conditional relationship.",T1_false,T2_false,T3_false,T4_false,0
6_admin.xmi,"Unfortunately, it can happen that the chosen items are not available, if that happens the webshop will display the maximum amount available of the chosen product to the customer.","Outlines a contingency for unavailable items, though the transition to displaying maximum available amounts could be clearer.",T1_uncertain,T2_false,T3_false,T4_false,0
6_admin.xmi,The customer now has to choose the product again (and add an amount within the limit) or choose another product.,process for reselection could be more detailed,T1_false,T2_false,T3_true,T4_false,1
6_admin.xmi,"If the customer has successfully added items to the basket, he or she have to decide to either keep shopping, thereby following the above process again or “create order”.","Explains the customer's options post item addition, clear in its presentation of choices.",T1_false,T2_false,T3_false,T4_false,0
6_admin.xmi,When the order has been created the customer will fill out the billing information.,Specifies the next steps after order creation; straightforward.,T1_false,T2_false,T3_false,T4_false,0
6_admin.xmi,"The webshop must then check that everything is fine if not, the customer will have to fill out the form again, otherwise the webshop will have to confirm the order by sending a confirmation order to the customer.",'everything is fine' could be more specifically defined. clarity on the checking process and criteria,T1_true,T2_false,T3_true,T4_false,2
6_admin.xmi,"If the customer regrets, the cancelation must be done within 30 minutes.","""regrets"" could be ambiguous in how the regret is identified or processed.",T1_false,T2_false,T3_uncertain,T4_false,0
6_admin.xmi,If not cancelled within 30 minutes the webshop shall send a purchase order to the warehouse.,No ambiguity found,T1_false,T2_false,T3_false,T4_false,0
6_admin.xmi,"After the warehouse has received the purchase order, they collect the requested products, pack them and send them to the customer.","Sequential actions within the warehouse are clearly listed, with no ambiguity",T1_false,T2_false,T3_false,T4_false,0
6_admin.xmi,The customer then receives the ordered products.,"Final step in the process, clear and direct.",T1_false,T2_false,T3_false,T4_false,0
6_admin.xmi,The customer can always leave the webshop.,No ambiguity found,T1_false,T2_false,T3_false,T4_false,0
21_admin.xmi,The process begins when the Project Manager must hand over the Operational Readiness Review (ORR) documentation task to the Delivery Project Lead (DPL).,Clear initiation of the process,T1_false,T2_false,T3_false,T4_false,0
21_admin.xmi,"The DPL must initialise the ORR process once, thereafter the contract requirements and the ORR checklist must be checked.Then the DPL must create the documentation tasks for the different stakeholders.",the sequence or dependency of checking the contract requirements and ORR checklist could be more explicitly,T1_true,T2_false,T3_false,T4_false,1
21_admin.xmi,He sends these tasks to the Operations Team who creates the documentation required.,"unclear about ""he"" who refers to",T1_false,T2_true,T3_false,T4_false,0
21_admin.xmi,"The DPL also sends documentation tasks to the Project Manager, who then delegates the tasks in the project team.",Specifies further delegation of tasks by the Project Manager within the project team.,T1_false,T2_false,T3_false,T4_false,0
21_admin.xmi,The Operations Team and the Project Manager sends the documentation to the DPL once the tasks are completed.,Clear in indicating the flow of documentation upon task completion.,T1_false,T2_false,T3_false,T4_false,0
21_admin.xmi,The DPL receives the documentation from the Project Manager and the Operation Team Manager and compiles the documentation.,"Describes the consolidation of received documentation, which is a crucial step.",T1_false,T2_false,T3_false,T4_false,0
21_admin.xmi,Then the DPL sends an invitation to the Project Manager and the Operations Team Manager for an approval meeting.,Clearly initiates the next step towards documentation approval.,T1_false,T2_false,T3_false,T4_false,0
21_admin.xmi,At the meeting they either reject or approve the documentation.,Specifies the decision-making process at the meeting with two possible outcomes.,T1_false,T2_false,T3_false,T4_false,0
21_admin.xmi,"If it gets rejected, the documentation has to be reworked.",This introduces ambiguity as it doesn't specify who is responsible for the rework or the specific steps involved in the rework process.,T1_true,T2_true,T3_false,T4_false,2
21_admin.xmi,"If there is rework, the approval will be in written format without a new meeting.","Clearly outlines the process for handling rework approval, minimizing the need for additional meetings.",T1_false,T2_false,T3_false,T4_false,0
21_admin.xmi,"After the approval, the DPL compiles the documentation and sends it to approval with the customer.","unclear sequence of steps involved between internal approval and sending to the customer,",T1_true,T2_false,T3_false,T4_false,0
21_admin.xmi,"If the documentation is approved at the meeting, the DPL must send the documentation to approval with the customer.",Repetitive with the previous point but confirms the flow towards customer review.,T1_false,T2_false,T3_false,T4_false,0
21_admin.xmi,"The customer receives and reads the documentation, and either rejects or approves it.",Clearly describes the customer's role in the final approval process.,T1_false,T2_false,T3_false,T4_false,0
21_admin.xmi,"If rejected, the customer must send the documentation back to the DPL, who then facilitates the rework.",This introduces ambiguity in terms of the specifics of rework facilitation and the steps that the DPL takes upon receiving the rejected documentation.,T1_true,T2_false,T3_false,T4_false,1
21_admin.xmi,"If approved, the document is sent to the DPL and the ORR process is complete.",Clearly states the conclusion of the process,T1_false,T2_false,T3_false,T4_false,0
22_admin.xmi,"The process ​initiates when a new batch of product arrives at Puori’s european or american
storage facilities.",This sentence clearly states the trigger for the process. No ambiguity.,T1_false,T2_false,T3_false,T4_false,0
22_admin.xmi,"The Product and Regulatory Department (Henceforth “Puori”) is immediately notified, and a sample of the batch is sent to the laboratory, Ellipse.",Describes a clear sequence of actions following the arrival of the batch.,T1_false,T2_false,T3_false,T4_false,0
22_admin.xmi,Puori then requests a series of tests from Ellipse by sending a purchase order.,"Specifies the action taken by Puori to initiate testing, with no ambiguities.",T1_false,T2_false,T3_false,T4_false,0
22_admin.xmi,"As Ellipse lacks the equipment and skills to do certain tests they outsource these to another laboratory, Eurofarm.",Clearly states the outsourcing step by Ellipse due to equipment and skills limitations.,T1_false,T2_false,T3_false,T4_false,0
22_admin.xmi,"When the tests are done, Puori reviews the results and either accepts or rejects them.",Defines a clear decision point for Puori based on the test results.,T1_false,T2_false,T3_false,T4_false,0
22_admin.xmi,If Puori accepts the results Ellipse sends the report to the publishing company cleanlabelproject.com (Henceforth “Clean Label”) for 3rd party publication.,"Specifies the next step following acceptance, indicating a clear action and transition.",T1_false,T2_false,T3_false,T4_false,0
22_admin.xmi,If the results are rejected Ellipse re-tests the samples and a new report is subjected to Puori for acceptance or rejection.,"Introduces potential ambiguity around the re-testing process, such as how many times re-testing can occur and the criteria for subsequent acceptance or rejection.",T1_true,T2_false,T3_true,T4_false,2
22_admin.xmi,"When the results are available online Clean Label notifies Puori who checks the published results, to ensure that the data is correctly displayed.",Clearly describes the verification step by Puori once results are published online.,T1_false,T2_false,T3_false,T4_false,0
22_admin.xmi,Once Puori has checked the published data and no errors has been found the process is completed and terminates.,"Specifies the condition for process termination, indicating a clear endpoint upon verification.",T1_false,T2_false,T3_false,T4_false,0
22_admin.xmi,"Should errors be found, Puori compiles a list of errors for Clean Label to fix.",Details the corrective action taken if errors are found in the published data.,T1_false,T2_false,T3_false,T4_false,0
22_admin.xmi,When this is eventually implemented the process ends.,"The phrase ""eventually implemented"" introduces ambiguity around the timing and conditions for the implementation of corrections. More specifics on the expected timeline and verification process post-correction would clarify this step.",T1_true,T2_false,T3_true,T4_false,0
17_admin.xmi,"As seen in the model, the process begins with a wherein the reception receives a sick call.","The phrasing ""with a wherein"" is unclear,",T1_false,T2_true,T3_false,T4_false,1
17_admin.xmi,"Next, the reception forward sick call to the Resp. department, where they register sick call in system.",clear sequence of actions,T1_false,T2_false,T3_false,T4_false,0
17_admin.xmi,"Once the sick call has been registered, the Resp. department contact to hear if anyone in the team is available to cover the shift.",Unclear reference to whom they contact,T1_false,T2_true,T3_false,T4_false,1
17_admin.xmi,An conditions whether someone from the team is available to cover the shift or not.,This is a connecting sentence,T1_false,T2_false,T3_false,T4_false,0
17_admin.xmi,If there is a team member available the Resp. department will cover the shift with team member.,"Straightforward action if conditions are met, though more clarity could be beneficial for exact procedures.",T1_false,T2_false,T3_false,T4_false,0
17_admin.xmi,From here the process moves to a merging and finally moves to the end.,"The term ""merging"" is vague without explanation of what is merging or the significance of this step.",T1_true,T2_false,T3_true,T4_false,2
17_admin.xmi,"However, if it is the second condition of the first that is met, the process looks a bit different.",unclear about what is second condition,T1_false,T2_false,T3_true,T4_false,1
17_admin.xmi,If there is no team member available to the Resp. department must make dissemination and handover to sub.,,T1_false,T2_false,T3_false,T4_false,0
17_admin.xmi,"When the Sub. department has received the dissemination, an conditions what activities will be performed next based on whether there is a time pressure or not.","Lacks clarity on what ""dissemination and handover to sub"" entails and how it is executed.",T1_true,T2_true,T3_true,T4_false,3
17_admin.xmi,The aspect of time pressure in the process is rather relative and not firmely defined.,"A description, no detail.",T1_false,T2_false,T3_true,T4_false,0
17_admin.xmi,"If there is time pressure the Sub. department will look towards the acute team that is standing by, ready to help in urgent situations.","The process for engaging the acute team is vague, especially regarding what qualifies as ""time pressure.""",T1_false,T2_true,T3_true,T4_false,0
17_admin.xmi,"If no acute team member is available, the Sub. department will handover to Resp. who will have to hospitalise citizen.",clear condition and action,T1_false,T2_false,T3_false,T4_false,0
17_admin.xmi,"However, if there is an acute team member available the Sub. department will cover shit with acute team member and handover to Resp.",clear condition and action,T1_false,T2_false,T3_false,T4_false,0
17_admin.xmi,"After either using an acute team member or hospitalising the citizen, the process moves to where the Resp. department contact relevant parties and cover dissemination.","The terms ""contacts relevant parties"" and ""covers dissemination"" are vague. who these parties are and what exactly ""covering dissemination"" involves. This could lead to variability in how this step is executed.",T1_true,T2_false,T3_true,T4_false,2
17_admin.xmi,Afterwards a merging is present which is followed by a merging from where the process comes to an end.,"The term ""merging"" is ambiguous without additional context or explanation about what is merging",T1_true,T2_false,T3_true,T4_false,2
17_admin.xmi,"If there s no time pressure the Sub. department has time to search for substitute in 'Basen', where they can find a potential substitute.","It's unclear how the absence of time pressure affects the process differently compared to when there is time pressure. Also, 'Basen' is mentioned without prior explanation,",T1_true,T2_true,T3_false,T4_false,2
17_admin.xmi,"When they have done so, the Sub. department handover to the Resp. information about the potential substitute.",clear action,T1_false,T2_false,T3_false,T4_false,0
17_admin.xmi,The Resp department then check for missing competencies in order to ensure that the potential substitute is allowed to cover the shift without taking further measurements.,"It's unclear how the absence of time pressure affects the process differently compared to when there is time pressure. Also, 'Basen' is mentioned without prior explanation,",T1_false,T2_false,T3_true,T4_false,1
17_admin.xmi,"Afterwards, an conditions what activities will be performed next based on whether all the required competencies are met by the potential substitute or the potential substitute is missing some competencies.","Ambiguities exist in how decisions are made (referred to ambiguously as ""an conditions""), what specific competencies are checked, and the follow-up actions.",T1_false,T2_false,T3_true,T4_false,1
17_admin.xmi,If all of the required competencies are met the Resp. department can cover the shift with the substitute and the process ends as previously described.,This is a clear and straightforward ending if the conditions are met,T1_false,T2_false,T3_false,T4_false,0
17_admin.xmi,"If the potential substitute does not meet all of the required competencies, the Resp. department must request approval of overlap.","The term ""approval of overlap"" is vague and undefined, which introduces uncertainty about what overlap means and the process for obtaining approval.",T1_true,T2_true,T3_true,T4_false,3
17_admin.xmi,"This request is communicated to RCØ through a message, which is why the request is followed by a message flow and a catching message event where RCØ receive overlap request..","The terms ""message flow"" and ""catching message event"" introduce technical jargon that may not be clear to all stakeholders, and it's unclear how the communication is structured or what protocols are followed.",T1_true,T2_true,T3_true,T4_false,3
17_admin.xmi,"Once RCØ has received the request, they respond to request and message their response back to the Resp. department.",This step is logically clear,T1_false,T2_false,T3_false,T4_false,0
17_admin.xmi,The Resp. department receive answer to overlap request and afterwards the Resp. department register answer.,This step is logically clear,T1_false,T2_false,T3_false,T4_false,0
17_admin.xmi,"From here two scenarios are present: If the overlap has been denied, a rework flow is started as Resp. initiates handover to Sub.",connecting sentence,T1_false,T2_false,T3_false,T4_false,0
17_admin.xmi,"Receiving the overlap denial, the Sub. department will once again evaluate the relative time pressure in relation to the beginning of the shift, before working towards covering the shift as explained earlier.","The evaluation of ""relative time pressure"" and the link to the shift coverage process are both poorly defined, leading to possible confusion about how to proceed.",T1_true,T2_true,T3_true,T4_false,3
17_admin.xmi,If the overlap is approved the Resp. department can proceed to cover shift with substitute and subsequently both contact relevant parties and cover dissemination and thus the process ends a previously described.,"While the steps following approval are noted, ""cover dissemination"" and the interaction with ""relevant parties"" are unclear, lacking specifics about these actions and how they integrate with the end of the process.",T1_true,T2_true,T3_true,T4_false,3
19_admin.xmi,The end-to-end process chosen as the scope for this report is initiated by the event-start notation in the Sales department “Negotiations with customer initiated”.,"Clear start to the process defined by a specific event, setting the stage without ambiguity.",T1_false,T2_false,T3_false,T4_false,0
19_admin.xmi,"It is marked as an event because the negotiations are not considered an action in the scope, but the decision of choosing Tradeshift as the vendor of choice lies with the customer.",The decision point is clearly defined with two distinct and mutually exclusive paths.,T1_false,T2_false,T3_false,T4_false,0
19_admin.xmi,"Therefore, an XOR-gate with two outcomes: 1) Negotiations terminated, which leads to the event of terminating the process, 2) Tradeshift is Vendor of Choice, which leads to the action of handing the customer to Service Sales.",The decision point is clearly defined with two distinct and mutually exclusive paths.,T1_false,T2_false,T3_false,T4_false,0
19_admin.xmi,"Service Sales conducts the SoW workshop with the customer, in order to scope and align expectations for the project and notifies Professional Services of an incoming project.","Details a specific action taken by Service Sales, clearly outlining the purpose and follow-up notification to another department.",T1_false,T2_false,T3_false,T4_false,0
19_admin.xmi,"The next step in the process is for Service Sales to create estimations for the SoW, which is, for the scope of this report, three estimations occurring simultaneously.","states that estimations occur simultaneously,",T1_false,T2_false,T3_false,T4_false,0
19_admin.xmi,"In the model, it is demonstrated with an AND-split which is used to model the split of the three actions happening in parallel.",states that how parallel actions are represent by model,T1_false,T2_false,T3_false,T4_false,0
19_admin.xmi,These parallel actions are then merged with the AND-join which is used “​... to synchronize the execution of two or more parallel branches.​”,The merging process is referenced but without detailed explanation on how synchronization specifically occurs,T1_true,T2_false,T3_true,T4_false,2
19_admin.xmi,"(Dumas et al., 2013; p.82).",connecting sentence,T1_false,T2_false,T3_false,T4_false,0
19_admin.xmi,"The SoW is sent to the customer for review, and the customer then decides, depicted by the XOR-gate, whether they want to reject the SoW which terminates the project, rework it by sending it back to Service Sales for reiterations, or sign the contract in order for the project to proceed.","Clear depiction of a decision point with well-defined outcomes, effectively using the XOR-gate to represent the customer's choices.",T1_false,T2_false,T3_false,T4_false,0
19_admin.xmi,"If the customer requests to rework the SoW, it is sent back to Service Sales, and the process loops back to before the AND-split gate.","The rework process loop is mentioned, but more clarity on how it technically loops back and what triggers the loop would enhance understanding.",T1_false,T2_false,T3_false,T4_false,2
19_admin.xmi,"This means the grouped parallel actions of SoW Creation, and the SoW review is considered a repetition block.",further explanation for last sentence,T1_false,T2_false,T3_false,T4_false,0
19_admin.xmi,“We have a workshop with a customer for 1-2 days then we prepare a draft for a SoW.,clear condition and action,T1_false,T2_false,T3_false,T4_false,0
19_admin.xmi,Then there is an internal SoW approval process.,an action,T1_false,T2_false,T3_false,T4_false,0
19_admin.xmi,This is shared with the customer + we try to figure out a price.,"unsure about action ""try to figure""",T1_false,T2_false,T3_true,T4_false,1
19_admin.xmi,This then gets sent along with the order form.,further infomation for last sentence,T1_false,T2_false,T3_false,T4_false,0
19_admin.xmi,Our current timing target is 3 weeks.,further infomation for last sentence,T1_false,T2_false,T3_false,T4_false,0
19_admin.xmi,"When we can meet that, it's great.",unclear about the standard of greatness,T1_false,T2_false,T3_true,T4_false,0
19_admin.xmi,The forecasting of deals are challenging.,need to detail about challenging and consequences,T1_false,T2_false,T3_true,T4_false,0
19_admin.xmi,"A lot of back and forth.” (​ #1b)

If the customer signs the SoW, Service Sales hand-over the customer to Professional Services where the Project Team will be established and the resources are allocated in the Project Management tool, Krow.",Clearly describes the transition of responsibilities following the customer’s approval.,T1_false,T2_false,T3_false,T4_false,0
19_admin.xmi,"The information Professional Services utilize to deliver the project, is the SoW previously estimated by Service Sales",connecting sentence,T1_false,T2_false,T3_false,T4_false,0
19_admin.xmi,.,,T1_false,T2_false,T3_false,T4_false,0
19_admin.xmi,"“... we have Krow, our project tool and here we are supposed to allocate the resources' time and how much they work on each and every project.”​ (#3b)

During Project Delivery, the customer has the option to initiate a change request.","quote sentences, unrelecvant",T1_true,T2_true,T3_true,T4_false,3
19_admin.xmi,"If this is the case, the project will be sent to Service Sales for scoping, and the change order is then accompanied in Krow with the proper resource reallocation.",The option for a change request is clearly stated as part of the project delivery phase.,T1_false,T2_false,T3_true,T4_false,1
19_admin.xmi,"This repetition block can be initiated as many times as the customer desires, until there are no longer any change requests and the project is terminated due to the product being delivered.",The option for a change request is clearly stated as part of the project delivery phase.,T1_false,T2_false,T3_false,T4_false,0
19_admin.xmi,The termination of the process is depicted by the “Project Completion” event.,"A clear and definitive end to the process,",T1_false,T2_false,T3_false,T4_false,0
1_admin.xmi,A hospital wants to establish a rating workflow for their doctors.,No ambiguity is present. The statement is clear and direct about the hospital’s intent,T1_false,T2_false,T3_false,T4_false,0
1_admin.xmi,To make the workflow reliable two different roles are assigned.,No ambiguity. The purpose of assigning roles is explicit,T1_false,T2_false,T3_false,T4_false,0
1_admin.xmi,The first one is a referee from the newly created quality assurance department while the second one represents the managing director of the hospital.,unclear relational between the referee and the managing director,T1_false,T2_true,T3_true,T4_false,1
1_admin.xmi,Both roles execute all of their tasks independently from each other.,"T1 true is applied because it’s ambiguous how their independent actions integrate into the overall workflow, despite stating independence.",T1_uncertain,T2_false,T3_false,T4_false,1
1_admin.xmi,The referee starts a new case regarding a certain doctor by interviewing patients.,"Clear and specific about the referee’s activities, showing no ambiguity",T1_false,T2_false,T3_false,T4_false,0
1_admin.xmi,"Since a patient interview workflow is already established, it is simply integrated in the new workflow.",No ambiguity regarding the integration of the established workflow,T1_false,T2_false,T3_false,T4_false,0
1_admin.xmi,"Meanwhile, the director asks an external expert to review the work of the doctor under rating.","The actions and roles are clearly stated, showing no ambiguity.",T1_false,T2_false,T3_false,T4_false,0
1_admin.xmi,"Unfortunately, since the expert only gets a low expenses fee, it can happen that the expert is not responding in time.",Marked T3 true due to underspecification regarding response times and procedures following non-response.,T1_false,T2_false,T3_true,T4_false,1
1_admin.xmi,"If that happens, another expert has to be asked (who could also not respond in time, i.e. the procedure repeats).",T3 true indicates uncertainty about the procedure’s efficiency and duration. T4 uncertain because of possible iterative non-responses creating procedural inconsistencies.,T1_false,T2_false,T3_true,T4_false,2
1_admin.xmi,"If an expert finally sends an expertise, it is received by the director and forwarded to the referee.",cyclical situation still possible,T1_false,T2_false,T3_false,T4_false,1
1_admin.xmi,The referee files the results containing the patient interviews as well as the expertise and afterward creates a report.,"This sentence is clear about the referee’s tasks, showing no ambiguity",T1_false,T2_false,T3_false,T4_false,0
1_admin.xmi,"While the referee is doing this, the manager fills a check to pay the expenses of the expert.","Clear about the manager’s role in the process, indicating no ambiguity",T1_false,T2_false,T3_false,T4_false,0
13_admin.xmi,"Every time a translation order is received, an agent needs to check it.",The actions are clearly defined without ambiguity.,T1_false,T2_false,T3_false,T4_false,0
13_admin.xmi,"If the document is in a DOCX (Word) format, the agent “analyses” it in the ERP (this will automatically process the document and fill in information regarding document length, word count and repetition count).","Clearly explains the process for DOCX format documents, including what the ERP system does.",T1_false,T2_false,T3_false,T4_false,0
13_admin.xmi,"If the document is a PDF format, the agent either converts the document manually to DOCX through a third-party program or calls the client and requests a different format document.",Ambiguity in the sequence and choice between conversion and contacting the client; it's unclear whether these are sequential or optional choices.,T1_true,T2_false,T3_false,T4_false,1
13_admin.xmi,"Once the document is analysed, the agent sets a quota for the order in the system.",clear condition and action,T1_false,T2_false,T3_false,T4_false,0
13_admin.xmi,The agent choose a translator from the database and sends a request to them.,clear action,T1_false,T2_false,T3_false,T4_false,0
13_admin.xmi,The translator can either accept or decline the task.,Clear options are provided for the translator’s response.,T1_false,T2_false,T3_false,T4_false,0
13_admin.xmi,If accepted the agent receives a notification and sends the quota to the client.,Sequential actions are clearly described.,T1_false,T2_false,T3_false,T4_false,0
13_admin.xmi,"If the client accepts it, a notification is sent to the translator that work can begin, otherwise if the quota is declined the order is closed.",Provides clear conditional pathways depending on the client's response.,T1_false,T2_false,T3_false,T4_false,0
13_admin.xmi,"If the translator declines the request, the agent looks for another translator.",Specifies the next step if the initial translator declines the task.,T1_false,T2_false,T3_false,T4_false,0
13_admin.xmi,"Once the translator is done with the translation, the translator uploads the translated document.",Describes a clear end-of-task action by the translator.,T1_false,T2_false,T3_false,T4_false,0
13_admin.xmi,The agent will then check the translated work to ensure that it looks up-to-standard.,"The term ""up-to-standard"" is vague and lacks a clear definition of what standards are considered acceptable.",T1_false,T2_false,T3_true,T4_false,1
13_admin.xmi,If deemed satisfactory the agent will close the case and the translated document together with an invoice is sent to the client.,Outlines the final actions clearly if the work is acceptable.,T1_false,T2_false,T3_false,T4_false,0
